John,Doe,01/01/1984,gendermale,123 Main St,Portugal,12345,Lisbon,Employee,Speeding,https://github.com/Miguel-Barca,path/to/picture.jpg
Alice,Smith,05/12/1990,genderfemale,456 Oak St,Spain,56789,Madrid,Unemployed,Cliff Diving,https://github.com/Miguel-Barca,path/to/alice.jpg
Bob,Johnson,09/23/1988,gendermale,789 Pine St,Italy,98765,Rome,Selfemployed,Skydiving,https://github.com/Miguel-Barca,path/to/bob.jpg
Eva,Williams,03/15/1995,genderfemale,321 Elm St,France,54321,Paris,Employee,Other,https://github.com/Miguel-Barca,path/to/eva.jpg
David,Miller,07/07/1982,gendermale,654 Birch St,Germany,67890,Berlin,Farmer,Bungee Jumping,https://github.com/Miguel-Barca,path/to/david.jpg
Sophia,Jones,11/30/1989,genderfemale,987 Cedar St,United Kingdom,45678,London,Unemployed,Speeding,https://github.com/Miguel-Barca,path/to/sophia.jpg
Michael,Johnson,02/14/1986,gendermale,234 Maple St,Canada,34567,Toronto,Public Official,Other,https://github.com/Miguel-Barca,path/to/michael.jpg
Olivia,Smith,06/25/1993,genderfemale,876 Pine St,Australia,87654,Sydney,Farmer,Bungee Jumping,https://github.com/Miguel-Barca,path/to/olivia.jpg
Daniel,Brown,10/18/1981,gendermale,543 Oak St,New Zealand,23456,Wellington,Selfemployed,Cliff Diving,https://github.com/Miguel-Barca,path/to/daniel.jpg
Emma,Nguyen,04/09/1987,genderfemale,678 Birch St,Viet Nam,78901,Ho Chi Minh City,Employee,Skydiving,https://github.com/Miguel-Barca,path/to/emma.jpg
James,Kim,08/22/1992,gendermale,123 Elm St,Kenya,89012,Seoul,Selfemployed,Other,https://github.com/Miguel-Barca,path/to/james.jpg
Mia,Chen,01/03/1985,genderfemale,876 Cedar St,China,65432,Beijing,Selfemployed,Speeding,https://github.com/Miguel-Barca,path/to/mia.jpg
Christopher,Chang,05/26/1998,gendermale,234 Pine St,Viet Nam,34567,Taipei,Selfemployed,Bungee Jumping,https://github.com/Miguel-Barca,path/to/christopher.jpg
Ava,Li,09/17/1991,genderfemale,567 Oak St,Hong Kong,45678,Central,Employee,Skydiving,https://github.com/Miguel-Barca,path/to/ava.jpg
William,Wong,03/08/1980,gendermale,789 Birch St,Singapore,56789,Singapore,Employee,Other,https://github.com/Miguel-Barca,path/to/william.jpg
Charlotte,Tran,07/01/1983,genderfemale,321 Maple St,Malaysia,67890,Kuala Lumpur,Employee,Cliff Diving,https://github.com/Miguel-Barca,path/to/charlotte.jpg
Liam,Lim,11/14/1988,gendermale,654 Oak St,Philippines,78901,Manila,Selfemployed,Skydiving,https://github.com/Miguel-Barca,path/to/liam.jpg
Isabella,Tan,02/27/1994,genderfemale,987 Elm St,Indonesia,87654,Jakarta,Employee,Bungee Jumping,https://github.com/Miguel-Barca,path/to/isabella.jpg
Alexander,Santos,06/20/1989,gendermale,234 Main St,Brazil,76543,Rio de Janeiro,Farmer,Other,https://github.com/Miguel-Barca,path/to/alexander.jpg
Sofia,Silva,10/12/1996,genderfemale,567 Cedar St,Portugal,54321,Porto,Selfemployed,Speeding,https://github.com/Miguel-Barca,path/to/sofia.jpg
Ethan,Martinez,04/05/1984,gendermale,789 Pine St,Spain,43210,Barcelona,Selfemployed,Cliff Diving,https://github.com/Miguel-Barca,path/to/ethan.jpg
Amelia,Moreno,08/28/1990,genderfemale,321 Birch St,Italy,10987,Milan,Employee,Skydiving,https://github.com/Miguel-Barca,path/to/amelia.jpg
Logan,Rossi,12/21/1985,gendermale,654 Oak St,France,76543,Marseille,Public Official,Other,https://github.com/Miguel-Barca,path/to/logan.jpg
Ella,Fernandez,03/04/1992,genderfemale,876 Maple St,Germany,87654,Munich,Farmer,Cliff Diving,https://github.com/Miguel-Barca,path/to/ella.jpg
Jackson,Lopez,07/27/1987,gendermale,234 Pine St,United Kingdom,54321,Manchester,Employee,Skydiving,https://github.com/Miguel-Barca,path/to/jackson.jpg
Grace,Chang,11/10/1993,genderfemale,567 Elm St,Canada,43210,Vancouver,Unemployed,Other,https://github.com/Miguel-Barca,path/to/grace.jpg
Aiden,Kumar,05/23/1981,gendermale,789 Cedar St,Australia,10987,Melbourne,Selfemployed,Speeding,https://github.com/Miguel-Barca,path/to/aiden.jpg
Sophie,Nguyen,09/15/1998,genderfemale,321 Main St,New Zealand,76543,Auckland,Selfemployed,Cliff Diving,https://github.com/Miguel-Barca,path/to/sophie.jpg
John,Doe,01/01/1984,gendermale,123 Main St,Portugal,12345,Lisbon,Employee,Speeding,https://github.com/Miguel-Barca,path/to/picture.jpg
Alice,Smith,05/12/1990,genderfemale,456 Oak St,Spain,56789,Madrid,Unemployed,Cliff Diving,https://github.com/Miguel-Barca,path/to/alice.jpg
